{"doc_id": "63205a4c-7c57-4c56-91d7-21840e855999", "doc_name": "IPA images", "doc_version": "996a5e456e056ae736f732829d622ef6", "format": "onnx", "version": 19, "inputs": {"Image": {"dtype": "float32", "shape": [null, 224, 224, 3], "name": "Image:0"}}, "outputs": {"Confidences": {"dtype": "float32", "shape": [null, 48], "name": "63205a4c-7c57-4c56-91d7-21840e855999.79ecc563-d979-4a52-8bb6-55e2cb64d857/dense_2/Softmax:0"}}, "tags": [], "classes": {"Label": ["3d_block_diagram", "3d_display", "background_logos", "backgrounds", "basin_mod_burial_curve", "basin_mod_chromatogram", "basin_mod_maturity_depth", "basin_mod_van_krevelen_diagram", "core_description_log", "core_images", "cuttings images", "cuttings images uv", "geosection", "graph_fault_seal", "graph_histogram", "graph_plot_xy", "graph_rose_diagram", "graph_ternary plot", "installations", "map_contour", "map_culture", "map_legend", "map_petrol_system", "map_risk_crs", "map_seismic_attribute", "map_seismic_depth", "outcrop_images", "people_images", "seismic_avo_model", "seismic_gathers", "seismic_inversion", "seismic_lines", "seismic_polarity", "seismic_synthethic_seismogram", "seismic_wedge_model", "seismic_with_well", "stratigraphic_table", "table_classic", "thin_section_sem_images", "thin_section_through_light", "volumetrics_decision_tree", "volumetrics_geox_graphs", "volumetrics_geox_tornado_diagram", "well_log", "well_log_correlation", "well_log_fmi_images", "well_pressure_prediction", "well_schematic"]}, "filename": "model.onnx", "export_model_version": 1}